đ,,,,,,,,,,,
Convidados,Telefone,Qtd pessoas,Observação,Tipo de convidado,Grupo,Chance de não ir,Familia por parte,,,Tipo,Prioridade
Solange & Edson,11 991521914 ------------- 11 983864217,2,,Padrinho,,Não,Julia,,,Cerimonial,1
Adriana & Zé,19 991742185,2,,Padrinho,,Não,Julia,,,Padrinho,2
Max e Familia,11 969168130 ---------  11 993550499,6,Tem criança -9 anos,Padrinho,,Não,Julia,,,Convidado,3
Bruno e Mara e Giulia,,3,,Padrinho,,Não,Christian,,,,
Necila e Cidao,19 99728-8996,2,,Padrinho,,Não,Christian,,,,
Kamila e Bruno,19 986078653,2,,Padrinho,,Não,"Julia, Christian",,,,
Guilherme,351 913 966 812,2,,Padrinho,,Não,Christian,,,,
 Karina,35 988137637,,,Padrinho,,Não,Julia,,,,
"Bruna, Matheus e Matheus (filho)",6 29778006 -------------  19 999380241,2,Tem criança -9 anos,Convidado,,Não,Julia,,,,
Josiel e Eduarda, 19 99334-2696,2,,Convidado,,Não,Christian,,,,
"Lu, Wilson e filhos",19 99422-1132,4,Tem criança -9 anos,Convidado,,Não,Christian,,,,
Matheus primo,19 99254-3186,1,Ver se ele vai levar os filhos,Convidado,,Não,Christian,,,,
"Michel, Valeria e Bernardo",11 943254635,3,,Convidado,,Não,Julia,,,,
Sandra e Carlos,11 976342397,2,,Convidado,,Não,Julia,,,,
Juliana e Brunela,11 972420096,2,,Convidado,,Não,Julia,,,,
Felipe e Familia,11 971356573,3,Tem criança -9 anos,Convidado,,Não,Julia,,,,
Cida e Joaquim,11 933992421,1,,Convidado,,Não,Julia,,,,
Daniel,11 982520812,1,,Convidado,,Não,Julia,,,,
Larissa,35 987218803,1,,Convidado,,Não,Julia,,,,
Jessica e Namorado,35 988557647,2,,Convidado,,Não,Julia,,,,
Katia e namorado,19 991430769,2,,Convidado,,Não,Julia,,,,
"Karol, Leo e Manu",19 99137-6552,3,,Convidado,,Não,Julia,,,,
Mariela,19 983195668,1,,Convidado,,Não,Julia,,,,
Daniel e Francine,35 91956292,2,,Convidado,,Não,Julia,,,,
"Leo, Bianca e Mirela",35 88346676,3,,Convidado,,Não,Christian,,,,
"Kaiala, Henrique e Ana",19 98242-6763,3,,Convidado,,Não,Christian,,,,
Vó Elza,,1,,Convidado,,Não,Christian,,,,
"Higor, Julia e Gael",19 98870-1542,3,Tem criança -9 anos,Convidado,,Não,Christian,,,,
Rodrigo e Joyce,19 99564-8448,4,Tem criança -9 anos,Convidado,,Não,Christian,,,,
Diana e Flavio,19 98225-4007,2,,Convidado,,Não,Christian,,,,
Fia e Henrique,19 98806-3508,2,,Convidado,,Não,Christian,,,,
Vitinho e Marcela,19 99487-5794,2,,Convidado,,Não,Christian,,,,
Geise Keli e Familia,19 99111-0862,4,,Convidado,,Não,Christian,,,,
Maurilio e Liane,19 99446-1848,2,,Convidado,,Não,Christian,,,,
Evelyn e namorado,19 99364-6098,2,,Convidado,,Não,Christian,,,,
Priscila,19 98608-1761,1,,Convidado,,Não,Christian,,,,
Aline e Gustavo,11 955873583,2,,Convidado,,Não,Julia,,,,
Silvia e Alexandre,,2,,Convidado,,Sim,Julia,,,,
Neuza e Osvaldo e Matheus,19 998390999,3,,Convidado,,Não,Julia,,,,
Cidao e Sabrina,19 99299-6043,2,,Convidado,,Não,Julia,,,,
Guilherme Guatura e mulher,19 99971-5386,2,,Convidado,,Não,Christian,,,,
"Shall, Lene e Davi",,3,,Convidado,,Não,Christian,,,,
Thiago Area Dev,62 9341-5378,1,,Convidado,,Não,Christian,,,,
Rod Area Dev,91 8140-1807,1,,Convidado,,Não,Christian,,,,
Adriel e Familia,91 8382-2970,3,Tem criança -9 anos,Convidado,,Não,Christian,,,,
Cdi e Marcela,19 98326-9308,2,,Convidado,,Não,Christian,,,,
Adriano (Lobao) e familia,19 98307-4865,3,Tem criança -9 anos,Convidado,,Não,Christian,,,,
Well,19 99954-1150,1,,Convidado,,Não,Christian,,,,
Juliana Amorim e Familia,86 9516-8065,4,Tem criança -9 anos,Convidado,,Não,Christian,,,,
Tia Cema,11 933131171,1,,Convidado,,Não,Christian,,,,
Matheus e Tiago,35 92010959,2,,Convidado,,Não,Julia,,,,
Luiza e Gabriel,11 981293654,2,,Convidado,,Não,Julia,,,,
Vó Elisa,19 98221-3409,1,,Convidado,,Não,Christian,,,,
Tio Baby e familia,19 98335-6156,6,Tem criança -9 anos,Convidado,,Não,Christian,,,,
Tio Cristiano e Ana,19 99136-0358,2,,Convidado,,Não,Christian,,,,
Tia Bibia e Julio e Natalia,19 99509-1412,3,,Convidado,,Não,Christian,,,,
Julia e Andre,,2,,Convidado,,Não,Christian,,,,
Renilza e Isabela,11 97613-1519,2,,Convidado,,Não,Julia,,,,
Tio Jô,,3,"Tem criança -9 anos

OBS: Conversar com minha mae sobre e Josiel",Convidado,,Não,Christian,,,,
Andréia e Luciano,19 98800-5456,2,,Convidado,,Não,Christian,,,,
Marcio e Familia,61 9352-5661,4,,Convidado,,Sim,Christian,,,,
Tio Jeison e Familia,19 99561-3200,3,Tem criança -9 anos,Convidado,,Não,Christian,,,,
Ribeirão e Familia,,3,,Convidado,,Não,Christian,,,,
Cleuza e Valdir,19 99195-3978,2,,Convidado,,Não,Christian,,,,
Daiane e Ronaldo,19 989071001,2,,Convidado,,Não,Julia,,,,
"Pr Daniel, Karen e Mayra",,3,,Cerimonial,,Não,Christian,,,,
,,,,,,,,,,,
Total sem filtro,,152,,,,,,,,,
Filtrando pessoas que tende a não ir,,146,,,,,,,,,